{
    "camera_matrix": [
        [
            819.9616429289337,
            0.0,
            596.556754418584
        ],
        [
            0.0,
            816.6861606744495,
            432.28855530560685
        ],
        [
            0.0,
            0.0,
            1.0
        ]
    ],
    "distortion_coefficients": [
        [
            -0.3699170701385697,
            0.20659327645108494,
            -0.0029526690908616405,
            -0.0028566794859225947,
            -0.09812144253824001
        ]
    ],
    "width": 1280,
    "height": 720,
    "rms": 0.24037440804896706
}